name,email,year,month,day
Arm Chutdanai_1,armloveyou25287@gmail.com,1998,11,25
Arm Chutdanai_2,armloveyou25287@gmail.com,1998,05,01
Arm Chutdanai_3,armloveyou25287@gmail.com,1998,06,16
Arm Chutdanai_4,armloveyou25287@gmail.com,1998,08,18
Arm Chutdanai_5,armloveyou25287@gmail.com,1998,12,05
Arm Chutdanai_6,armloveyou25287@gmail.com,1998,09,12
Arm Chutdanai_7,armloveyou25287@gmail.com,1998,01,31
Arm Chutdanai_8,armloveyou25287@gmail.com,1998,04,14
Arm Chutdanai_9,armloveyou25287@gmail.com,1998,03,25
